PESTLE,Trend,Description,link,DC,SS,AC,AT,RL,SC,EF,IB,Total
technological,"BSI press releases cover digital transformation, cybersecurity, and smart technology; Bundesgesundheitsministerium emphasizes health data protection and COVID research.","Latest press releases from BSI highlight topics such as digital transformation, secure supply chains, cloud solutions, cybersecurity, and smart technology. Other releases cover subjects including quantum security, smart energy, cybersecurity in healthcare, and IT service provider certifications. The Bundesgesundheitsministerium's announcements focus on initiatives related to health data protection, research networks for long-term COVID effects, and nationwide healthcare improvements.","1, 2, 3, 5, 8, 9, 11, 12, 14, 16, 18, 19, 20, 21, 22, 23, 24, 26, 27, 29, 30, 31, 33, 34, 35, 38, 39, 40, 41, 42, 43, 44, 45, 46, 47, 48, 49, 50, 51, 52, 53, 55, 56, 58, 59, 60, 61, 62, 332, 333, 342, 346, 368, 371, 376",4,4,4,4,3,4,3,4,30
social,Plan for inclusive healthcare access.,Action plan for accessible healthcare aims to promote inclusivity and equal access,"4, 6, 17, 335, 352, 356",4,4,4,2,2,4,2,4,26
economic,Bundesrat approves nursing care finance stabilization.,Approval of the stabilization of nursing care finances by the Bundesrat,"32, 337, 347, 351, 358, 362, 372",4,4,4,2,4,2,4,2,26
political,"Federal Ministry of Health: healthcare policies, international support, legislation, service improvement.","Federal Ministry of Health: Updates on health policies, support for international organizations, legislative decisions, and initiatives to improve healthcare services.","0, 13, 15, 25, 36, 37, 57, 334, 336, 338, 339, 340, 341, 343, 344, 345, 348, 349, 350, 353, 354, 355, 357, 359, 361, 363, 364, 365, 367, 373, 374, 375, 377",4,4,4,2,4,2,2,2,24
legal,Cyber Resilience Act implemented.,Cyber Resilience Act enters into force,"7, 10, 28, 54, 360, 366, 369, 370",2,4,2,4,4,2,2,4,24
political,"Federal Ministry of Health updates on policies, support, legislation, and healthcare initiatives.","Federal Ministry of Health news includes updates on health policies, support for international organizations, legislative decisions, and initiatives to improve healthcare services.","0, 13, 15, 25, 36, 37, 57, 334, 336, 338, 339, 340, 341, 343, 344, 345, 348, 349, 350, 353, 354, 355, 357, 359, 361, 363, 364, 365, 367, 373, 374, 375, 377",4,4,3,2,4,2,2,2,23
legal,Legislative progress on medical research and organ donation.,Progress on legislative acts related to medical research and living organ donation announced.,"7, 10, 28, 54, 360, 366, 369, 370",4,4,3,2,4,2,2,2,23
social,Senior Day 2025 emphasizes active aging and senior engagement.,Senior Day 2025 highlights importance of active aging and senior engagement in society,"4, 6, 17, 335, 352, 356",3,4,4,2,1,4,2,2,22
economic,Health insurance expenditure growth slowed by reforms.,Health insurance expenditure growth slowed only by structural reforms,"32, 337, 347, 351, 358, 362, 372",3,4,3,2,3,2,3,2,22
social,Promoting sports for better public health.,Emphasis on promoting sports and physical activity for improved public health.,"4, 6, 17, 335, 352, 356",3,4,4,2,1,4,2,2,22
legal,Mobile device security guidelines for public sector.,Guidelines for secure use of mobile devices in public sector,"7, 10, 28, 54, 360, 366, 369, 370",2,2,4,4,3,2,1,2,20
social,BMG's Roundtable reports progress on Long Covid.,BMG's Fifth Roundtable on Long Covid reports positive progress in managing the condition,"4, 6, 17, 335, 352, 356",4,3,4,2,1,2,2,2,20
social,Gender equality and empowerment in business.,100 Women in Business initiative focuses on gender equality and empowerment in the economic sector,"4, 6, 17, 335, 352, 356",2,2,4,2,2,4,1,2,19
economic,Financial status of health insurance in early 2024.,Financial development of statutory health insurance in the first half of 2024,"32, 337, 347, 351, 358, 362, 372",2,2,2,2,2,2,2,2,16
economic,Black Friday influences shopping habits.,Black Friday impact on consumer behavior,"32, 337, 347, 351, 358, 362, 372",1,2,3,2,1,2,1,3,15
legal,EU Cloud Code of Conduct approved.,EU Cloud Code of Conduct declared valid,"7, 10, 28, 54, 360, 366, 369, 370",1,2,2,2,4,1,1,2,15
economic,Statutory health insurance 2024 preliminary financial results.,Preliminary financial results of the statutory health insurance for 2024,"32, 337, 347, 351, 358, 362, 372",2,2,2,1,1,1,2,1,12
legal,Updates on public administration guidelines.,New updates on technical guidelines for public administration,"7, 10, 28, 54, 360, 366, 369, 370",1,1,2,2,2,1,1,2,12
social,Sextortion awareness raised for Valentine's Day.,"Awareness raised about ""Sextortion"" targeting individuals in the name of Valentine's Day","4, 6, 17, 335, 352, 356",1,1,2,2,1,2,1,2,12
political,"BSI: Leadership updates, visits, key discussions.","BSI: Leadership changes, official visits, and discussions on key issues","0, 13, 15, 25, 36, 37, 57, 334, 336, 338, 339, 340, 341, 343, 344, 345, 348, 349, 350, 353, 354, 355, 357, 359, 361, 363, 364, 365, 367, 373, 374, 375, 377",1,2,2,1,1,1,1,2,11
economic,Q1 2024 statutory health insurance financial performance.,Financial performance of statutory health insurance in the first quarter of 2024,"32, 337, 347, 351, 358, 362, 372",2,2,2,1,1,1,1,1,11
